Evaluation	Test Project	Model	Accuracy	AUC	Sensitivity	Specificity	Precision	F1-Score
10-fold CV	All samples	XGBoost	0.6427	0.6849	0.6587	0.6243	0.6683	0.6634
10-fold CV	All samples	SVM	0.6607	0.6867	0.7067	0.6077	0.6743	0.6901
10-fold CV	All samples	Logistic Regression	0.617	0.6655	0.5865	0.6519	0.6595	0.6209
10-fold CV	All samples	Random Forest	0.6427	0.6905	0.726	0.547	0.6481	0.6848
Project-wise	PRJNA1037036	XGBoost	0.5366	0.6835	1.0	0.1094	0.5086	0.6743
Project-wise	PRJNA1037036	SVM	0.5366	0.4642	0.8814	0.2188	0.5098	0.646
Project-wise	PRJNA1037036	Logistic Regression	0.5285	0.4861	0.7458	0.3281	0.5057	0.6027
Project-wise	PRJNA1037036	Random Forest	0.4959	0.6512	0.9831	0.0469	0.4874	0.6517
Project-wise	PRJNA451479	XGBoost	0.5167	0.5622	0.8333	0.2	0.5102	0.6329
Project-wise	PRJNA451479	SVM	0.5667	0.5828	0.6667	0.4667	0.5556	0.6061
Project-wise	PRJNA451479	Logistic Regression	0.6333	0.6678	0.7	0.5667	0.6176	0.6562
Project-wise	PRJNA451479	Random Forest	0.5	0.6206	0.9	0.1	0.5	0.6429
Project-wise	PRJNA516054	XGBoost	0.5	0.6253	0.4	0.7391	0.7857	0.5301
Project-wise	PRJNA516054	SVM	0.641	0.7012	0.7091	0.4783	0.7647	0.7358
Project-wise	PRJNA516054	Logistic Regression	0.4231	0.4625	0.4182	0.4348	0.6389	0.5055
Project-wise	PRJNA516054	Random Forest	0.4359	0.5617	0.2909	0.7826	0.7619	0.4211
Project-wise	PRJNA686821	XGBoost	0.5469	0.6917	0.9062	0.1875	0.5273	0.6667
Project-wise	PRJNA686821	SVM	0.5	0.4556	1.0	0.0	0.5	0.6667
Project-wise	PRJNA686821	Logistic Regression	0.5547	0.5938	0.9375	0.1719	0.531	0.678
Project-wise	PRJNA686821	Random Forest	0.5156	0.689	1.0	0.0312	0.5079	0.6737
